ranking,name,team,bye,year,position,profile_id
1,Aaron Rodgers,GB,8,2011,QB,2506363
2,Michael Vick,PHI,7,2011,QB,2504531
3,Drew Brees,NO,11,2011,QB,2504775
4,Tom Brady,NE,7,2011,QB,2504211
5,Peyton Manning,IND,11,2011,QB,2501863
6,Philip Rivers,SD,6,2011,QB,2506121
7,Tony Romo,DAL,5,2011,QB,2505354
8,Matt Schaub,HOU,11,2011,QB,2505982
9,Ben Roethlisberger,PIT,11,2011,QB,2506109
10,Matt Ryan,ATL,8,2011,QB,310
11,Josh Freeman,TB,8,2011,QB,79557
12,Eli Manning,NYG,7,2011,QB,2505996
13,Matthew Stafford,DET,9,2011,QB,79860
14,Jay Cutler,CHI,8,2011,QB,2495824
15,Joe Flacco,BAL,5,2011,QB,382
16,Sam Bradford,STL,5,2011,QB,497095
17,Kevin Kolb,ARI,6,2011,QB,2507169
18,Matt Cassel,KC,6,2011,QB,2506562
19,Ryan Fitzpatrick,BUF,7,2011,QB,2506581
20,Mark Sanchez,NYJ,8,2011,QB,79858
21,Kyle Orton,DEN,6,2011,QB,2506444
22,Donovan McNabb,MIN,9,2011,QB,2502044
23,David Garrard,JAC,9,2011,QB,2505101
24,Jason Campbell,OAK,8,2011,QB,2506364
25,Tim Tebow,DEN,6,2011,QB,497135
26,Matt Hasselbeck,TEN,6,2011,QB,2501078
27,Colt McCoy,CLE,5,2011,QB,497123
28,Cam Newton,CAR,9,2011,QB,2495455
29,Tarvaris Jackson,SEA,6,2011,QB,2495863
30,Alex Smith,SF,7,2011,QB,2506340
31,Chad Henne,MIA,5,2011,QB,252
32,Jake Locker,TEN,6,2011,QB,2495194
33,Vince Young,PHI,7,2011,QB,2506875
34,Christian Ponder,MIN,9,2011,QB,2495215
35,Bruce Gradkowski,CIN,7,2011,QB,2495838
36,Rex Grossman,WAS,5,2011,QB,2505623
37,Andy Dalton,CIN,7,2011,QB,2495143
38,Matt Moore,MIA,5,2011,QB,2507282
39,John Beck,WAS,5,2011,QB,2507171
40,Carson Palmer,CIN,7,2011,QB,2505245
1,Adrian Peterson,MIN,9,2011,RB,2507164
2,Arian Foster,HOU,11,2011,RB,79555
3,Jamaal Charles,KC,6,2011,RB,925
4,Chris Johnson,TEN,6,2011,RB,262
5,Ray Rice,BAL,5,2011,RB,941
6,Rashard Mendenhall,PIT,11,2011,RB,939
7,LeSean McCoy,PHI,7,2011,RB,79607
8,Darren McFadden,OAK,8,2011,RB,284
9,Maurice Jones-Drew,JAC,9,2011,RB,2495831
10,Frank Gore,SF,7,2011,RB,2506404
11,Michael Turner,ATL,8,2011,RB,2506014
12,Matt Forte,CHI,8,2011,RB,234
13,Steven Jackson,STL,5,2011,RB,2505936
14,Peyton Hillis,CLE,5,2011,RB,1980
15,LeGarrette Blount,TB,8,2011,RB,497149
16,Ahmad Bradshaw,NYG,7,2011,RB,2495560
17,Shonn Greene,NYJ,8,2011,RB,79563
18,DeAngelo Williams,CAR,9,2011,RB,2495979
19,Jahvid Best,DET,9,2011,RB,497147
20,Felix Jones,DAL,5,2011,RB,931
21,Mark Ingram,NO,11,2011,RB,2495466
22,Knowshon Moreno,DEN,6,2011,RB,79619
23,Ryan Mathews,SD,6,2011,RB,497188
24,Beanie Wells,ARI,6,2011,RB,79661
25,Cedric Benson,CIN,7,2011,RB,2506343
26,Fred Jackson,BUF,7,2011,RB,2506871
27,Marshawn Lynch,SEA,6,2011,RB,2495663
28,Joseph Addai,IND,11,2011,RB,2495793
29,Ryan Grant,GB,8,2011,RB,2506140
30,Jonathan Stewart,CAR,9,2011,RB,949
31,Tim Hightower,WAS,5,2011,RB,4383
32,BenJarvus Green-Ellis,NE,7,2011,RB,929
33,Mike Tolbert,SD,6,2011,RB,2507428
34,Daniel Thomas,MIA,5,2011,RB,2495241
35,Brandon Jacobs,NYG,7,2011,RB,2506448
36,Reggie Bush,MIA,5,2011,RB,2506874
37,James Starks,GB,8,2011,RB,497206
38,Michael Bush,OAK,8,2011,RB,2507192
39,Pierre Thomas,NO,11,2011,RB,2507141
40,Willis McGahee,DEN,6,2011,RB,2505674
41,C.J. Spiller,BUF,7,2011,RB,497204
42,LaDainian Tomlinson,NYJ,8,2011,RB,2504778
43,Danny Woodhead,NE,7,2011,RB,4327
44,Ryan Torain,WAS,5,2011,RB,1996
45,Rashad Jennings,JAC,9,2011,RB,71345
46,Ryan Williams,ARI,6,2011,RB,2495474
47,Delone Carter,IND,11,2011,RB,2495269
48,Darren Sproles,NO,11,2011,RB,2506467
49,Thomas Jones,KC,6,2011,RB,2504252
50,Ronnie Brown,PHI,7,2011,RB,2506341
51,Roy Helu,WAS,5,2011,RB,2495161
52,Ben Tate,HOU,11,2011,RB,497208
53,DeMarco Murray,DAL,5,2011,RB,2495207
54,Bernard Scott,CIN,7,2011,RB,81869
55,Shane Vereen,NE,7,2011,RB,2495473
56,Marion Barber,CHI,8,2011,RB,2506447
57,Ricky Williams,BAL,5,2011,RB,2503715
58,Jason Snelling,ATL,8,2011,RB,2495744
59,Stevan Ridley,NE,7,2011,RB,2495470
60,Montario Hardesty,CLE,5,2011,RB,497178
1,Andre Johnson,HOU,11,2011,WR,2505551
2,Calvin Johnson,DET,9,2011,WR,2495647
3,Roddy White,ATL,8,2011,WR,2506366
4,Larry Fitzgerald,ARI,6,2011,WR,2506106
5,Hakeem Nicks,NYG,7,2011,WR,80672
6,Vincent Jackson,SD,6,2011,WR,2506400
7,Greg Jennings,GB,8,2011,WR,2495867
8,Mike Wallace,PIT,11,2011,WR,2507763
9,Reggie Wayne,IND,11,2011,WR,2504747
10,Miles Austin,DAL,5,2011,WR,2495801
11,DeSean Jackson,PHI,7,2011,WR,1581
12,Dwayne Bowe,KC,6,2011,WR,2495558
13,Mike Williams,TB,8,2011,WR,2508048
14,Dez Bryant,DAL,5,2011,WR,497278
15,Brandon Marshall,MIA,5,2011,WR,2495893
16,Santonio Holmes,NYJ,8,2011,WR,2506885
17,Brandon Lloyd,DEN,6,2011,WR,2505600
18,Steve Johnson,BUF,7,2011,WR,768
19,Wes Welker,NE,7,2011,WR,2505790
20,Percy Harvin,MIN,9,2011,WR,80425
21,Marques Colston,NO,11,2011,WR,2495821
22,Anquan Boldin,BAL,5,2011,WR,2505587
23,Kenny Britt,TEN,6,2011,WR,71217
24,Mario Manningham,NYG,7,2011,WR,1030
25,Jeremy Maclin,PHI,7,2011,WR,80429
26,Austin Collie,IND,11,2011,WR,81282
27,Santana Moss,WAS,5,2011,WR,2504743
28,Sidney Rice,SEA,6,2011,WR,2495718
29,Chad Ochocinco,NE,7,2011,WR,2504651
30,Mike Thomas,JAC,9,2011,WR,81308
31,Julio Jones,ATL,8,2011,WR,2495454
32,Steve Smith,CAR,9,2011,WR,2504595
33,Pierre Garcon,IND,11,2011,WR,2346
34,A.J. Green,CIN,7,2011,WR,2495450
35,Lance Moore,NO,11,2011,WR,2506287
36,Jacoby Ford,OAK,8,2011,WR,497288
37,Mike Sims-Walker,STL,5,2011,WR,2507184
38,Braylon Edwards,SF,7,2011,WR,2506342
39,Robert Meachem,NO,11,2011,WR,2495676
40,Johnny Knox,CHI,8,2011,WR,79595
41,Malcom Floyd,SD,6,2011,WR,2505785
42,Lee Evans,BAL,5,2011,WR,2506097
43,Hines Ward,PIT,11,2011,WR,2503532
44,Plaxico Burress,NYJ,8,2011,WR,2504253
45,Michael Crabtree,SF,7,2011,WR,71269
46,Jordy Nelson,GB,8,2011,WR,1032
47,Mike Williams,SEA,6,2011,WR,2508048
48,Danny Amendola,STL,5,2011,WR,2649
49,Davone Bess,MIA,5,2011,WR,735
50,Deion Branch,NE,7,2011,WR,2505062
51,Nate Burleson,DET,9,2011,WR,2505511
52,Roy Williams,CHI,8,2011,WR,2506096
53,Greg Little,CLE,5,2011,WR,2495192
54,James Jones,GB,8,2011,WR,2507183
55,Jerome Simpson,CIN,7,2011,WR,318
56,Arrelious Benn,TB,8,2011,WR,497270
57,Earl Bennett,CHI,8,2011,WR,733
58,Steve Breaston,KC,6,2011,WR,2495562
59,Denarius Moore,OAK,8,2011,WR,2495315
60,Donald Driver,GB,8,2011,WR,2500467
1,Antonio Gates,SD,6,2011,TE,2505299
2,Jermichael Finley,GB,8,2011,TE,1072
3,Jason Witten,DAL,5,2011,TE,2505629
4,Dallas Clark,IND,11,2011,TE,2505664
5,Vernon Davis,SF,7,2011,TE,2495826
6,Owen Daniels,HOU,11,2011,TE,2495825
7,Jimmy Graham,NO,11,2011,TE,497236
8,Kellen Winslow,TB,8,2011,TE,2506107
9,Marcedes Lewis,JAC,9,2011,TE,2495888
10,Rob Gronkowski,NE,7,2011,TE,497240
11,Brandon Pettigrew,DET,9,2011,TE,71431
12,Zach Miller,SEA,6,2011,TE,238457
13,Tony Gonzalez,ATL,8,2011,TE,2500835
14,Aaron Hernandez,NE,7,2011,TE,497244
15,Greg Olsen,CAR,9,2011,TE,2495700
16,Dustin Keller,NYJ,8,2011,TE,1074
17,Jared Cook,TEN,6,2011,TE,71265
18,Chris Cooley,WAS,5,2011,TE,2505938
19,Brent Celek,PHI,7,2011,TE,2507218
20,Lance Kendricks,STL,5,2011,TE,2495187
1,Aaron Rodgers,GB,10,2012,QB,2506363
2,Tom Brady,NE,9,2012,QB,2504211
3,Drew Brees,NO,6,2012,QB,2504775
4,Matthew Stafford,DET,5,2012,QB,79860
5,Cam Newton,CAR,6,2012,QB,2495455
6,Michael Vick,PHI,7,2012,QB,2504531
7,Matt Ryan,ATL,7,2012,QB,310
8,Eli Manning,NYG,11,2012,QB,2505996
9,Tony Romo,DAL,5,2012,QB,2505354
10,Philip Rivers,SD,7,2012,QB,2506121
11,Peyton Manning,DEN,7,2012,QB,2501863
12,Ben Roethlisberger,PIT,4,2012,QB,2506109
13,Jay Cutler,CHI,6,2012,QB,2495824
14,Robert Griffin III,WAS,10,2012,QB,2533033
15,Matt Schaub,HOU,8,2012,QB,2505982
16,Josh Freeman,TB,5,2012,QB,79557
17,Andrew Luck,IND,4,2012,QB,2533031
18,Joe Flacco,BAL,8,2012,QB,382
19,Carson Palmer,OAK,5,2012,QB,2505245
20,Ryan Fitzpatrick,BUF,8,2012,QB,2506581
21,Andy Dalton,CIN,8,2012,QB,2495143
22,Jake Locker,TEN,11,2012,QB,2495194
23,Alex Smith,SF,9,2012,QB,2506340
24,Russell Wilson,SEA,11,2012,QB,2532975
25,Sam Bradford,STL,9,2012,QB,497095
26,Matt Cassel,KC,7,2012,QB,2506562
27,Christian Ponder,MIN,11,2012,QB,2495215
28,Mark Sanchez,NYJ,9,2012,QB,79858
29,Matt Flynn,SEA,11,2012,QB,367
30,Tim Tebow,NYJ,9,2012,QB,497135
31,John Skelton,ARI,10,2012,QB,497129
32,Taylor Yates,HOU,8,2012,QB,2508123
33,Brandon Weeden,CLE,10,2012,QB,2532970
34,Ryan Tannehill,MIA,7,2012,QB,2532956
35,Blaine Gabbert,JAC,6,2012,QB,2495441
36,Matt Hasselbeck,TEN,11,2012,QB,2501078
37,Kevin Kolb,ARI,10,2012,QB,2507169
38,Matt Moore,MIA,7,2012,QB,2507282
39,David Garrard,MIA,7,2012,QB,2505101
40,Chad Henne,JAC,6,2012,QB,252
1,Arian Foster,HOU,8,2012,RB,79555
2,Ray Rice,BAL,8,2012,RB,941
3,LeSean McCoy,PHI,7,2012,RB,79607
4,Chris Johnson,TEN,11,2012,RB,262
5,Darren McFadden,OAK,5,2012,RB,284
6,Matt Forte,CHI,6,2012,RB,234
7,DeMarco Murray,DAL,5,2012,RB,2495207
8,Jamaal Charles,KC,7,2012,RB,925
9,Maurice Jones-Drew,JAC,6,2012,RB,2495831
10,Marshawn Lynch,SEA,11,2012,RB,2495663
11,Steven Jackson,STL,9,2012,RB,2505936
12,Ryan Mathews,SD,7,2012,RB,497188
13,Trent Richardson,CLE,10,2012,RB,2533032
14,Adrian Peterson,MIN,11,2012,RB,2507164
15,Fred Jackson,BUF,8,2012,RB,2506871
16,Ahmad Bradshaw,NYG,11,2012,RB,2495560
17,Doug Martin,TB,5,2012,RB,2532899
18,Darren Sproles,NO,6,2012,RB,2506467
19,Michael Turner,ATL,7,2012,RB,2506014
20,Frank Gore,SF,9,2012,RB,2506404
21,Reggie Bush,MIA,7,2012,RB,2506874
22,Willis McGahee,DEN,7,2012,RB,2505674
23,Shonn Greene,NYJ,9,2012,RB,79563
24,BenJarvus Green-Ellis,CIN,8,2012,RB,929
25,Jonathan Stewart,CAR,6,2012,RB,949
26,Donald Brown,IND,4,2012,RB,2507779
27,Stevan Ridley,NE,9,2012,RB,2495470
28,DeAngelo Williams,CAR,6,2012,RB,2495979
29,Beanie Wells,ARI,10,2012,RB,79661
30,Peyton Hillis,KC,7,2012,RB,1980
31,Kevin Smith,DET,5,2012,RB,2507476
32,C.J. Spiller,BUF,8,2012,RB,497204
33,Mark Ingram,NO,6,2012,RB,2495466
34,Cedric Benson,GB,10,2012,RB,2506343
35,Isaac Redman,PIT,4,2012,RB,2507591
36,Ben Tate,HOU,8,2012,RB,497208
37,Ryan Williams,ARI,10,2012,RB,2495474
38,Michael Bush,CHI,6,2012,RB,2507192
39,David Wilson,NYG,11,2012,RB,2533035
40,Rashad Jennings,JAC,6,2012,RB,71345
41,Roy Helu,WAS,10,2012,RB,2495161
42,Toby Gerhart,MIN,11,2012,RB,497176
43,Pierre Thomas,NO,6,2012,RB,2507141
44,Jacquizz Rodgers,ATL,7,2012,RB,2495471
45,Mikel Leshoure,DET,5,2012,RB,2495468
46,LeGarrette Blount,TB,5,2012,RB,497149
47,Evan Royster,WAS,10,2012,RB,2495220
48,Daniel Thomas,MIA,7,2012,RB,2495241
49,Shane Vereen,NE,9,2012,RB,2495473
50,Felix Jones,DAL,5,2012,RB,931
51,Ronnie Hillman,DEN,7,2012,RB,2533437
52,James Starks,GB,10,2012,RB,497206
53,Rashard Mendenhall,PIT,4,2012,RB,939
54,Kendall Hunter,SF,9,2012,RB,2495172
55,Alfred Morris,WAS,10,2012,RB,2533457
56,Jahvid Best,DET,5,2012,RB,497147
57,Bernard Scott,CIN,8,2012,RB,81869
58,Tim Hightower,WAS,10,2012,RB,4383
59,Isaiah Pead,STL,9,2012,RB,2532926
60,Jonathan Dwyer,PIT,4,2012,RB,497174
1,Calvin Johnson,DET,5,2012,WR,2495647
2,Larry Fitzgerald,ARI,10,2012,WR,2506106
3,Julio Jones,ATL,7,2012,WR,2495454
4,Andre Johnson,HOU,8,2012,WR,2505551
5,A.J. Green,CIN,8,2012,WR,2495450
6,Greg Jennings,GB,10,2012,WR,2495867
7,Roddy White,ATL,7,2012,WR,2506366
8,Hakeem Nicks,NYG,11,2012,WR,80672
9,Brandon Marshall,CHI,6,2012,WR,2495893
10,Wes Welker,NE,9,2012,WR,2505790
11,Victor Cruz,NYG,11,2012,WR,2507855
12,Jordy Nelson,GB,10,2012,WR,1032
13,Percy Harvin,MIN,11,2012,WR,80425
14,Steve Smith,CAR,6,2012,WR,2504595
15,Dez Bryant,DAL,5,2012,WR,497278
16,Marques Colston,NO,6,2012,WR,2495821
17,Mike Wallace,PIT,4,2012,WR,2507763
18,Jeremy Maclin,PHI,7,2012,WR,80429
19,Demaryius Thomas,DEN,7,2012,WR,497328
20,Dwayne Bowe,KC,7,2012,WR,2495558
21,Brandon Lloyd,NE,9,2012,WR,2505600
22,Vincent Jackson,TB,5,2012,WR,2506400
23,Miles Austin,DAL,5,2012,WR,2495801
24,Antonio Brown,PIT,4,2012,WR,2508061
25,Steve Johnson,BUF,8,2012,WR,768
26,Eric Decker,DEN,7,2012,WR,497284
27,DeSean Jackson,PHI,7,2012,WR,1581
28,Torrey Smith,BAL,8,2012,WR,2495459
29,Reggie Wayne,IND,4,2012,WR,2504747
30,Pierre Garcon,WAS,10,2012,WR,2346
31,Kenny Britt,TEN,11,2012,WR,71217
32,Robert Meachem,SD,7,2012,WR,2495676
33,Denarius Moore,OAK,5,2012,WR,2495315
34,Darrius Heyward-Bey,OAK,5,2012,WR,80427
35,Malcom Floyd,SD,7,2012,WR,2505785
36,Santonio Holmes,NYJ,9,2012,WR,2506885
37,Anquan Boldin,BAL,8,2012,WR,2505587
38,Justin Blackmon,JAC,6,2012,WR,2533038
39,Greg Little,CLE,10,2012,WR,2495192
40,Titus Young,DET,5,2012,WR,2495253
41,Lance Moore,NO,6,2012,WR,2506287
42,Michael Crabtree,SF,9,2012,WR,71269
43,Sidney Rice,SEA,11,2012,WR,2495718
44,Nate Washington,TEN,11,2012,WR,2506313
45,Mike Williams,TB,5,2012,WR,2508048
46,Kendall Wright,TEN,11,2012,WR,2532977
47,Santana Moss,WAS,10,2012,WR,2504743
48,Laurent Robinson,JAC,6,2012,WR,2495721
49,Randy Moss,SF,9,2012,WR,2502220
50,Austin Collie,IND,4,2012,WR,81282
51,Brandon LaFell,CAR,6,2012,WR,497302
52,Randall Cobb,GB,10,2012,WR,2495448
53,Doug Baldwin,SEA,11,2012,WR,2530747
54,Jon Baldwin,KC,7,2012,WR,2495445
55,Danny Amendola,STL,9,2012,WR,2649
56,Alshon Jeffery,CHI,6,2012,WR,2533039
57,Michael Floyd,ARI,10,2012,WR,2532841
58,Mario Manningham,SF,9,2012,WR,1030
59,Davone Bess,MIA,7,2012,WR,735
60,Nate Burleson,DET,5,2012,WR,2505511
1,Jimmy Graham,NO,6,2012,TE,497236
2,Rob Gronkowski,NE,9,2012,TE,497240
3,Antonio Gates,SD,7,2012,TE,2505299
4,Aaron Hernandez,NE,9,2012,TE,497244
5,Vernon Davis,SF,9,2012,TE,2495826
6,Jermichael Finley,GB,10,2012,TE,1072
7,Jason Witten,DAL,5,2012,TE,2505629
8,Fred Davis,WAS,10,2012,TE,216
9,Tony Gonzalez,ATL,7,2012,TE,2500835
10,Brandon Pettigrew,DET,5,2012,TE,71431
11,Brent Celek,PHI,7,2012,TE,2507218
12,Jermaine Gresham,CIN,8,2012,TE,497238
13,Jacob Tamme,DEN,7,2012,TE,324
14,Jared Cook,TEN,11,2012,TE,71265
15,Greg Olsen,CAR,6,2012,TE,2495700
16,Owen Daniels,HOU,8,2012,TE,2495825
17,Dustin Keller,NYJ,9,2012,TE,1074
18,Kyle Rudolph,MIN,11,2012,TE,2495438
19,Coby Fleener,IND,4,2012,TE,2532838
20,Kellen Winslow,SEA,11,2012,TE,2506107
1,Drew Brees,NO,7,2013,QB,2504775
2,Aaron Rodgers,GB,4,2013,QB,2506363
3,Peyton Manning,DEN,9,2013,QB,2501863
4,Cam Newton,CAR,4,2013,QB,2495455
5,Tom Brady,NE,10,2013,QB,2504211
6,Matt Ryan,ATL,6,2013,QB,310
7,Matthew Stafford,DET,9,2013,QB,79860
8,Robert Griffin III,WAS,5,2013,QB,2533033
9,Colin Kaepernick,SF,9,2013,QB,2495186
10,Andrew Luck,IND,8,2013,QB,2533031
11,Russell Wilson,SEA,12,2013,QB,2532975
12,Tony Romo,DAL,11,2013,QB,2505354
13,Eli Manning,NYG,9,2013,QB,2505996
14,Ben Roethlisberger,PIT,5,2013,QB,2506109
15,Andy Dalton,CIN,12,2013,QB,2495143
16,Jay Cutler,CHI,8,2013,QB,2495824
17,Josh Freeman,TB,5,2013,QB,79557
18,Michael Vick,PHI,12,2013,QB,2504531
19,Joe Flacco,BAL,8,2013,QB,382
20,Carson Palmer,ARI,9,2013,QB,2505245
21,Sam Bradford,STL,11,2013,QB,497095
22,Philip Rivers,SD,8,2013,QB,2506121
23,Matt Schaub,HOU,8,2013,QB,2505982
24,Ryan Tannehill,MIA,6,2013,QB,2532956
25,Alex Smith,KC,10,2013,QB,2506340
26,EJ Manuel,BUF,12,2013,QB,2539228
27,Brandon Weeden,CLE,10,2013,QB,2532970
28,Jake Locker,TEN,8,2013,QB,2495194
29,Matt Flynn,OAK,7,2013,QB,367
30,Christian Ponder,MIN,5,2013,QB,2495215
31,Geno Smith,NYJ,10,2013,QB,2539335
32,Chad Henne,JAC,9,2013,QB,252
33,Ryan Fitzpatrick,TEN,8,2013,QB,2506581
34,Nick Foles,PHI,12,2013,QB,2532842
35,Kevin Kolb,BUF,12,2013,QB,2507169
36,Blaine Gabbert,JAC,9,2013,QB,2495441
37,Mark Sanchez,NYJ,10,2013,QB,79858
38,Matt Cassel,MIN,5,2013,QB,2506562
39,Matt Barkley,PHI,12,2013,QB,2539308
40,Brock Osweiler,DEN,9,2013,QB,2533436
1,Adrian Peterson,MIN,5,2013,RB,2507164
2,Doug Martin,TB,5,2013,RB,2532899
3,Arian Foster,HOU,8,2013,RB,79555
4,Jamaal Charles,KC,10,2013,RB,925
5,C.J. Spiller,BUF,12,2013,RB,497204
6,Marshawn Lynch,SEA,12,2013,RB,2495663
7,Ray Rice,BAL,8,2013,RB,941
8,LeSean McCoy,PHI,12,2013,RB,79607
9,Trent Richardson,CLE,10,2013,RB,2533032
10,Alfred Morris,WAS,5,2013,RB,2533457
11,Steven Jackson,ATL,6,2013,RB,2505936
12,Matt Forte,CHI,8,2013,RB,234
13,Stevan Ridley,NE,10,2013,RB,2495470
14,Chris Johnson,TEN,8,2013,RB,262
15,Maurice Jones-Drew,JAC,9,2013,RB,2495831
16,Frank Gore,SF,9,2013,RB,2506404
17,Reggie Bush,DET,9,2013,RB,2506874
18,DeMarco Murray,DAL,11,2013,RB,2495207
19,Darren McFadden,OAK,7,2013,RB,284
20,Lamar Miller,MIA,6,2013,RB,2533034
21,David Wilson,NYG,9,2013,RB,2533035
22,Le'Veon Bell,PIT,5,2013,RB,2540175
23,Darren Sproles,NO,7,2013,RB,2506467
24,Chris Ivory,NYJ,10,2013,RB,2507999
25,Montee Ball,DEN,9,2013,RB,2539341
26,Ryan Mathews,SD,8,2013,RB,497188
27,Ahmad Bradshaw,IND,8,2013,RB,2495560
28,Eddie Lacy,GB,4,2013,RB,2540168
29,Rashard Mendenhall,ARI,9,2013,RB,939
30,Giovani Bernard,CIN,12,2013,RB,2540156
31,Shane Vereen,NE,10,2013,RB,2495473
32,BenJarvus Green-Ellis,CIN,12,2013,RB,929
33,Andre Brown,NYG,9,2013,RB,2507790
34,DeAngelo Williams,CAR,4,2013,RB,2495979
35,Mark Ingram,NO,7,2013,RB,2495466
36,Jonathan Stewart,CAR,4,2013,RB,949
37,Daryl Richardson,STL,11,2013,RB,2534789
38,Fred Jackson,BUF,12,2013,RB,2506871
39,Bernard Pierce,BAL,8,2013,RB,2533545
40,Bryce Brown,PHI,12,2013,RB,2534796
41,Ben Tate,HOU,8,2013,RB,497208
42,Ronnie Hillman,DEN,9,2013,RB,2533437
43,Pierre Thomas,NO,7,2013,RB,2507141
44,Vick Ballard,IND,8,2013,RB,2533012
45,Isaiah Pead,STL,11,2013,RB,2532926
46,Mikel Leshoure,DET,9,2013,RB,2495468
47,Johnathan Franklin,GB,4,2013,RB,2539326
48,Danny Woodhead,SD,8,2013,RB,4327
49,Zac Stacy,STL,11,2013,RB,2540273
50,Jacquizz Rodgers,ATL,6,2013,RB,2495471
51,Shonn Greene,TEN,8,2013,RB,79563
52,Michael Bush,CHI,8,2013,RB,2507192
53,Ryan Williams,ARI,9,2013,RB,2495474
54,Bilal Powell,NYJ,10,2013,RB,2495328
55,Knowshon Moreno,DEN,9,2013,RB,79619
56,Joique Bell,DET,9,2013,RB,497145
57,Mike Goodson,NYJ,10,2013,RB,80644
58,Daniel Thomas,MIA,6,2013,RB,2495241
59,Joseph Randle,DAL,11,2013,RB,2540171
60,Jonathan Dwyer,PIT,5,2013,RB,497174
1,Calvin Johnson,DET,9,2013,WR,2495647
2,Dez Bryant,DAL,11,2013,WR,497278
3,A.J. Green,CIN,12,2013,WR,2495450
4,Brandon Marshall,CHI,8,2013,WR,2495893
5,Julio Jones,ATL,6,2013,WR,2495454
6,Demaryius Thomas,DEN,9,2013,WR,497328
7,Larry Fitzgerald,ARI,9,2013,WR,2506106
8,Roddy White,ATL,6,2013,WR,2506366
9,Andre Johnson,HOU,8,2013,WR,2505551
10,Vincent Jackson,TB,5,2013,WR,2506400
11,Victor Cruz,NYG,9,2013,WR,2507855
12,Randall Cobb,GB,4,2013,WR,2495448
13,Marques Colston,NO,7,2013,WR,2495821
14,Dwayne Bowe,KC,10,2013,WR,2495558
15,Jordy Nelson,GB,4,2013,WR,1032
16,Reggie Wayne,IND,8,2013,WR,2504747
17,Hakeem Nicks,NYG,9,2013,WR,80672
18,Danny Amendola,NE,10,2013,WR,2649
19,Wes Welker,DEN,9,2013,WR,2505790
20,Torrey Smith,BAL,8,2013,WR,2495459
21,Antonio Brown,PIT,5,2013,WR,2508061
22,Eric Decker,DEN,9,2013,WR,497284
23,Steve Smith,CAR,4,2013,WR,2504595
24,Mike Wallace,MIA,6,2013,WR,2507763
25,Pierre Garcon,WAS,5,2013,WR,2346
26,Cecil Shorts,JAC,9,2013,WR,2495341
27,James Jones,GB,4,2013,WR,2507183
28,Steve Johnson,BUF,12,2013,WR,768
29,Greg Jennings,MIN,5,2013,WR,2495867
30,DeSean Jackson,PHI,12,2013,WR,1581
31,Mike Williams,TB,5,2013,WR,2508048
32,Miles Austin,DAL,11,2013,WR,2495801
33,T.Y. Hilton,IND,8,2013,WR,2532865
34,Tavon Austin,STL,11,2013,WR,2539336
35,Kenny Britt,TEN,8,2013,WR,71217
36,Josh Gordon,CLE,10,2013,WR,2537931
37,Anquan Boldin,SF,9,2013,WR,2505587
38,Lance Moore,NO,7,2013,WR,2506287
39,Danario Alexander,SD,8,2013,WR,497262
40,Denarius Moore,OAK,7,2013,WR,2495315
41,Sidney Rice,SEA,12,2013,WR,2495718
42,Emmanuel Sanders,PIT,5,2013,WR,497322
43,Justin Blackmon,JAC,9,2013,WR,2533038
44,Michael Floyd,ARI,9,2013,WR,2532841
45,Kendall Wright,TEN,8,2013,WR,2532977
46,Golden Tate,SEA,12,2013,WR,497326
47,Alshon Jeffery,CHI,8,2013,WR,2533039
48,Chris Givens,STL,11,2013,WR,2535634
49,DeAndre Hopkins,HOU,8,2013,WR,2540165
50,Vincent Brown,SD,8,2013,WR,2508115
51,Brian Hartline,MIA,6,2013,WR,81831
52,Ryan Broyles,DET,9,2013,WR,2532807
53,Percy Harvin,SEA,12,2013,WR,80425
54,Aaron Dobson,NE,10,2013,WR,2539256
55,Rueben Randle,NYG,9,2013,WR,2533533
56,Malcom Floyd,SD,8,2013,WR,2505785
57,Greg Little,CLE,10,2013,WR,2495192
58,Darrius Heyward-Bey,IND,8,2013,WR,80427
59,Brandon LaFell,CAR,4,2013,WR,497302
60,Cordarrelle Patterson,MIN,5,2013,WR,2540145
1,Jimmy Graham,NO,7,2013,TE,497236
2,Rob Gronkowski,NE,10,2013,TE,497240
3,Jason Witten,DAL,11,2013,TE,2505629
4,Tony Gonzalez,ATL,6,2013,TE,2500835
5,Vernon Davis,SF,9,2013,TE,2495826
6,Greg Olsen,CAR,4,2013,TE,2495700
7,Kyle Rudolph,MIN,5,2013,TE,2495438
8,Owen Daniels,HOU,8,2013,TE,2495825
9,Jared Cook,STL,11,2013,TE,71265
10,Antonio Gates,SD,8,2013,TE,2505299
11,Martellus Bennett,CHI,8,2013,TE,1062
12,Jermichael Finley,GB,4,2013,TE,1072
13,Brandon Myers,NYG,9,2013,TE,89766
14,Brandon Pettigrew,DET,9,2013,TE,71431
15,Jermaine Gresham,CIN,12,2013,TE,497238
16,Fred Davis,WAS,5,2013,TE,216
17,Jordan Cameron,CLE,10,2013,TE,2495267
18,Dustin Keller,MIA,6,2013,TE,1074
19,Ed Dickson,BAL,8,2013,TE,497224
20,Robert Housler,ARI,9,2013,TE,2508112
1,Peyton Manning,DEN,4,2014,QB,2501863
2,Aaron Rodgers,GB,9,2014,QB,2506363
3,Drew Brees,NO,6,2014,QB,2504775
4,Matthew Stafford,DET,9,2014,QB,79860
5,Andrew Luck,IND,10,2014,QB,2533031
6,Robert Griffin III,WAS,10,2014,QB,2533033
7,Nick Foles,PHI,7,2014,QB,2532842
8,Matt Ryan,ATL,9,2014,QB,310
9,Cam Newton,CAR,12,2014,QB,2495455
10,Tom Brady,NE,10,2014,QB,2504211
11,Tony Romo,DAL,11,2014,QB,2505354
12,Colin Kaepernick,SF,8,2014,QB,2495186
13,Jay Cutler,CHI,9,2014,QB,2495824
14,Russell Wilson,SEA,4,2014,QB,2532975
15,Philip Rivers,SD,10,2014,QB,2506121
16,Ben Roethlisberger,PIT,12,2014,QB,2506109
17,Andy Dalton,CIN,4,2014,QB,2495143
18,Ryan Tannehill,MIA,5,2014,QB,2532956
19,Alex Smith,KC,6,2014,QB,2506340
20,Carson Palmer,ARI,4,2014,QB,2505245
21,Eli Manning,NYG,8,2014,QB,2505996
22,Johnny Manziel,CLE,4,2014,QB,2543462
23,Josh McCown,TB,7,2014,QB,2505076
24,Joe Flacco,BAL,11,2014,QB,382
25,Jake Locker,TEN,9,2014,QB,2495194
26,Sam Bradford,STL,4,2014,QB,497095
27,EJ Manuel,BUF,9,2014,QB,2539228
28,Teddy Bridgewater,MIN,10,2014,QB,2543465
29,Geno Smith,NYJ,11,2014,QB,2539335
30,Ryan Fitzpatrick,HOU,10,2014,QB,2506581
31,Brian Hoyer,CLE,4,2014,QB,81294
32,Michael Vick,NYJ,11,2014,QB,2504531
33,Matt Schaub,OAK,5,2014,QB,2505982
34,Chad Henne,JAC,11,2014,QB,252
35,Matt Cassel,MIN,10,2014,QB,2506562
36,Mike Glennon,TB,7,2014,QB,2539275
37,Kirk Cousins,WAS,10,2014,QB,2532820
38,Derek Carr,OAK,5,2014,QB,2543499
39,Tom Savage,HOU,10,2014,QB,2543640
40,Blake Bortles,JAC,11,2014,QB,2543477
1,Jamaal Charles,KC,6,2014,RB,925
2,LeSean McCoy,PHI,7,2014,RB,79607
3,Adrian Peterson,MIN,10,2014,RB,2507164
4,Matt Forte,CHI,9,2014,RB,234
5,Eddie Lacy,GB,9,2014,RB,2540168
6,DeMarco Murray,DAL,11,2014,RB,2495207
7,Montee Ball,DEN,4,2014,RB,2539341
8,Marshawn Lynch,SEA,4,2014,RB,2495663
9,Arian Foster,HOU,10,2014,RB,79555
10,Le'Veon Bell,PIT,12,2014,RB,2540175
11,Giovani Bernard,CIN,4,2014,RB,2540156
12,Zac Stacy,STL,4,2014,RB,2540273
13,Doug Martin,TB,7,2014,RB,2532899
14,Alfred Morris,WAS,10,2014,RB,2533457
15,Andre Ellington,ARI,4,2014,RB,2539217
16,Toby Gerhart,JAC,11,2014,RB,497176
17,C.J. Spiller,BUF,9,2014,RB,497204
18,Ryan Mathews,SD,10,2014,RB,497188
19,Reggie Bush,DET,9,2014,RB,2506874
20,Rashad Jennings,NYG,8,2014,RB,71345
21,Frank Gore,SF,8,2014,RB,2506404
22,Joique Bell,DET,9,2014,RB,497145
23,Shane Vereen,NE,10,2014,RB,2495473
24,Bishop Sankey,TEN,9,2014,RB,2543682
25,Chris Johnson,NYJ,11,2014,RB,262
26,Ben Tate,CLE,4,2014,RB,497208
27,Ray Rice,BAL,11,2014,RB,941
28,Trent Richardson,IND,10,2014,RB,2533032
29,Stevan Ridley,NE,10,2014,RB,2495470
30,Steven Jackson,ATL,9,2014,RB,2505936
31,Lamar Miller,MIA,5,2014,RB,2533034
32,Pierre Thomas,NO,6,2014,RB,2507141
33,Maurice Jones-Drew,OAK,5,2014,RB,2495831
34,Fred Jackson,BUF,9,2014,RB,2506871
35,DeAngelo Williams,CAR,12,2014,RB,2495979
36,Danny Woodhead,SD,10,2014,RB,4327
37,Terrance West,CLE,4,2014,RB,2543664
38,Bernard Pierce,BAL,11,2014,RB,2533545
39,Darren McFadden,OAK,5,2014,RB,284
40,Darren Sproles,PHI,7,2014,RB,2506467
41,Jeremy Hill,CIN,4,2014,RB,2543603
42,Knowshon Moreno,MIA,5,2014,RB,79619
43,Chris Ivory,NYJ,11,2014,RB,2507999
44,Devonta Freeman,ATL,9,2014,RB,2543583
45,Christine Michael,SEA,4,2014,RB,2539322
46,Khiry Robinson,NO,6,2014,RB,2542022
47,Carlos Hyde,SF,8,2014,RB,2543743
48,Mark Ingram,NO,6,2014,RB,2495466
49,Jonathan Stewart,CAR,12,2014,RB,949
50,Shonn Greene,TEN,9,2014,RB,79563
51,Ahmad Bradshaw,IND,10,2014,RB,2495560
52,LeGarrette Blount,PIT,12,2014,RB,497149
53,David Wilson,NYG,8,2014,RB,2533035
54,Donald Brown,SD,10,2014,RB,2507779
55,Lance Dunbar,DAL,11,2014,RB,2535708
56,Tre Mason,STL,4,2014,RB,2543502
57,Andre Williams,NYG,8,2014,RB,2543565
58,Andre Brown,HOU,10,2014,RB,2507790
59,James White,NE,10,2014,RB,2543773
1,Calvin Johnson,DET,9,2014,WR,2495647
2,Demaryius Thomas,DEN,4,2014,WR,497328
3,Dez Bryant,DAL,11,2014,WR,497278
4,A.J. Green,CIN,4,2014,WR,2495450
5,Julio Jones,ATL,9,2014,WR,2495454
6,Brandon Marshall,CHI,9,2014,WR,2495893
7,Jordy Nelson,GB,9,2014,WR,1032
8,Alshon Jeffery,CHI,9,2014,WR,2533039
9,Antonio Brown,PIT,12,2014,WR,2508061
10,Randall Cobb,GB,9,2014,WR,2495448
11,Vincent Jackson,TB,7,2014,WR,2506400
12,Keenan Allen,SD,10,2014,WR,2540154
13,Andre Johnson,HOU,10,2014,WR,2505551
14,Pierre Garcon,WAS,10,2014,WR,2346
15,Victor Cruz,NYG,8,2014,WR,2507855
16,Larry Fitzgerald,ARI,4,2014,WR,2506106
17,Roddy White,ATL,9,2014,WR,2506366
18,Michael Crabtree,SF,8,2014,WR,71269
19,Wes Welker,DEN,4,2014,WR,2505790
20,Michael Floyd,ARI,4,2014,WR,2532841
21,Cordarrelle Patterson,MIN,10,2014,WR,2540145
22,Percy Harvin,SEA,4,2014,WR,80425
23,Torrey Smith,BAL,11,2014,WR,2495459
24,DeSean Jackson,WAS,10,2014,WR,1581
25,Mike Wallace,MIA,5,2014,WR,2507763
26,Kendall Wright,TEN,9,2014,WR,2532977
27,T.Y. Hilton,IND,10,2014,WR,2532865
28,Marques Colston,NO,6,2014,WR,2495821
29,Jeremy Maclin,PHI,7,2014,WR,80429
30,Julian Edelman,NE,10,2014,WR,238498
31,Eric Decker,NYJ,11,2014,WR,497284
32,Terrance Williams,DAL,11,2014,WR,2539205
33,Golden Tate,DET,9,2014,WR,497326
34,Emmanuel Sanders,DEN,4,2014,WR,497322
35,Reggie Wayne,IND,10,2014,WR,2504747
36,Dwayne Bowe,KC,6,2014,WR,2495558
37,Rueben Randle,NYG,8,2014,WR,2533533
38,Sammy Watkins,BUF,9,2014,WR,2543457
39,Cecil Shorts,JAC,11,2014,WR,2495341
40,Mike Evans,TB,7,2014,WR,2543468
41,Riley Cooper,PHI,7,2014,WR,497282
42,Marvin Jones,CIN,4,2014,WR,2532884
43,Anquan Boldin,SF,8,2014,WR,2505587
44,Brandin Cooks,NO,6,2014,WR,2543498
45,DeAndre Hopkins,HOU,10,2014,WR,2540165
46,Hakeem Nicks,IND,10,2014,WR,80672
47,Tavon Austin,STL,4,2014,WR,2539336
48,Brian Hartline,MIA,5,2014,WR,81831
49,James Jones,OAK,5,2014,WR,2507183
50,Kenny Stills,NO,6,2014,WR,2540202
51,Greg Jennings,MIN,10,2014,WR,71345
52,Justin Hunter,TEN,9,2014,WR,2540151
53,Jarrett Boykin,GB,9,2014,WR,2532799
54,Aaron Dobson,NE,10,2014,WR,2539256
55,Kelvin Benjamin,CAR,12,2014,WR,2543471
56,Danny Amendola,NE,10,2014,WR,2649
57,Markus Wheaton,PIT,12,2014,WR,2539291
58,Steve Smith,BAL,11,2014,WR,2504595
59,Doug Baldwin,SEA,4,2014,WR,2530747
60,Jordan Matthews,PHI,7,2014,WR,2543500
1,Jimmy Graham,NO,6,2014,TE,497236
2,Rob Gronkowski,NE,10,2014,TE,497240
3,Julius Thomas,DEN,4,2014,TE,2495353
4,Jordan Cameron,CLE,4,2014,TE,2495267
5,Vernon Davis,SF,8,2014,TE,2495826
6,Greg Olsen,CAR,12,2014,TE,2495700
7,Jason Witten,DAL,11,2014,TE,2505629
8,Jordan Reed,WAS,10,2014,TE,2540160
9,Kyle Rudolph,MIN,10,2014,TE,2495438
10,Dennis Pitta,BAL,11,2014,TE,497254
11,Martellus Bennett,CHI,9,2014,TE,1062
12,Zach Ertz,PHI,7,2014,TE,2540158
13,Charles Clay,MIA,5,2014,TE,2495139
14,Ladarius Green,SD,10,2014,TE,2532853
15,Heath Miller,PIT,12,2014,TE,2506369
16,Delanie Walker,TEN,9,2014,TE,2495966
17,Antonio Gates,SD,10,2014,TE,2505299
18,Eric Ebron,DET,9,2014,TE,2543466
19,Tyler Eifert,CIN,4,2014,TE,2540148
20,Dwayne Allen,IND,10,2014,TE,2533046
1,Andrew Luck,IND,10,2015,QB,2533031
2,Aaron Rodgers,GB,7,2015,QB,2506363
3,Russell Wilson,SEA,9,2015,QB,2532975
4,Peyton Manning,DEN,7,2015,QB,2501863
5,Drew Brees,NO,11,2015,QB,2504775
6,Ben Roethlisberger,PIT,11,2015,QB,2506109
7,Matt Ryan,ATL,10,2015,QB,310
8,Tony Romo,DAL,6,2015,QB,2505354
9,Cam Newton,CAR,5,2015,QB,2495455
10,Ryan Tannehill,MIA,5,2015,QB,2532956
11,Eli Manning,NYG,11,2015,QB,2505996
12,Matthew Stafford,DET,9,2015,QB,79860
13,Philip Rivers,SD,10,2015,QB,2506121
14,Tom Brady,NE,4,2015,QB,2504211
15,Sam Bradford,PHI,8,2015,QB,497095
16,Colin Kaepernick,SF,10,2015,QB,2495186
17,Teddy Bridgewater,MIN,5,2015,QB,2543465
18,Carson Palmer,ARI,9,2015,QB,2505245
19,Joe Flacco,BAL,9,2015,QB,382
20,Jay Cutler,CHI,7,2015,QB,2495824
21,Andy Dalton,CIN,7,2015,QB,2495143
22,Jameis Winston,TB,6,2015,QB,2552033
23,Alex Smith,KC,9,2015,QB,2506340
24,Marcus Mariota,TEN,4,2015,QB,2552466
25,Robert Griffin III,WAS,8,2015,QB,2533033
26,Derek Carr,OAK,6,2015,QB,2543499
27,Blake Bortles,JAC,8,2015,QB,2543477
28,Nick Foles,STL,6,2015,QB,2532842
29,Ryan Fitzpatrick,NYJ,5,2015,QB,2506581
30,Tyrod Taylor,BUF,8,2015,QB,2495240
31,Brian Hoyer,HOU,9,2015,QB,81294
32,Johnny Manziel,CLE,11,2015,QB,2543462
33,Geno Smith,NYJ,5,2015,QB,2539335
34,Matt Cassel,BUF,8,2015,QB,2506562
35,Josh McCown,CLE,11,2015,QB,2505076
36,Ryan Mallett,HOU,9,2015,QB,2495443
37,Mark Sanchez,PHI,8,2015,QB,79858
38,Jimmy Garoppolo,NE,4,2015,QB,2543801
39,EJ Manuel,BUF,8,2015,QB,2539228
40,Kirk Cousins,WAS,8,2015,QB,2532820
1,Adrian Peterson,MIN,5,2015,RB,2507164
2,Le'Veon Bell,PIT,11,2015,RB,2540175
3,Jamaal Charles,KC,9,2015,RB,925
4,Eddie Lacy,GB,7,2015,RB,2540168
5,Marshawn Lynch,SEA,9,2015,RB,2495663
6,C.J. Anderson,DEN,7,2015,RB,2540269
7,Jeremy Hill,CIN,7,2015,RB,2543603
8,Matt Forte,CHI,7,2015,RB,234
9,DeMarco Murray,PHI,8,2015,RB,2495207
10,LeSean McCoy,BUF,8,2015,RB,79607
11,Justin Forsett,BAL,9,2015,RB,927
12,Lamar Miller,MIA,5,2015,RB,2533034
13,Frank Gore,IND,10,2015,RB,2506404
14,Mark Ingram,NO,11,2015,RB,2495466
15,Alfred Morris,WAS,8,2015,RB,2533457
16,Melvin Gordon,SD,10,2015,RB,2552469
17,Latavius Murray,OAK,6,2015,RB,2541161
18,Jonathan Stewart,CAR,5,2015,RB,949
19,Carlos Hyde,SF,10,2015,RB,2543743
20,Andre Ellington,ARI,9,2015,RB,2539217
21,Joseph Randle,DAL,6,2015,RB,2540171
22,T.J. Yeldon,JAC,8,2015,RB,2552471
23,Ameer Abdullah,DET,9,2015,RB,2552374
24,LeGarrette Blount,NE,4,2015,RB,497149
25,C.J. Spiller,NO,11,2015,RB,497204
26,Todd Gurley,STL,6,2015,RB,2552475
27,Chris Ivory,NYJ,5,2015,RB,2507999
28,Doug Martin,TB,6,2015,RB,2532899
29,Giovani Bernard,CIN,7,2015,RB,2540156
30,Rashad Jennings,NYG,11,2015,RB,71345
31,Joique Bell,DET,9,2015,RB,497145
32,Tevin Coleman,ATL,10,2015,RB,2552453
33,Isaiah Crowell,CLE,11,2015,RB,2550189
34,Arian Foster,HOU,9,2015,RB,79555
35,Shane Vereen,NYG,11,2015,RB,2495473
36,Devonta Freeman,ATL,10,2015,RB,2543583
37,Ryan Mathews,PHI,8,2015,RB,497188
38,Bishop Sankey,TEN,4,2015,RB,2543682
39,Tre Mason,STL,6,2015,RB,2543502
40,Duke Johnson,CLE,11,2015,RB,2552461
41,David Cobb,TEN,4,2015,RB,2552376
42,Danny Woodhead,SD,10,2015,RB,4327
43,Alfred Blue,HOU,9,2015,RB,2543600
44,Reggie Bush,SF,10,2015,RB,2506874
45,Charles Sims,TB,6,2015,RB,2543770
46,David Johnson,ARI,9,2015,RB,2553435
47,Darren McFadden,DAL,6,2015,RB,284
48,Roy Helu,OAK,6,2015,RB,2495161
49,Andre Williams,NYG,11,2015,RB,2543565
50,Darren Sproles,PHI,8,2015,RB,2506467
51,Knile Davis,KC,9,2015,RB,2540178
52,Fred Jackson,BUF,8,2015,RB,2506871
53,Chris Polk,HOU,9,2015,RB,2533037
54,Terrance West,CLE,11,2015,RB,2543664
55,Matt Jones,WAS,8,2015,RB,2552635
56,Jonas Gray,NE,4,2015,RB,2533030
57,Khiry Robinson,NO,11,2015,RB,2542022
58,Ronnie Hillman,DEN,7,2015,RB,2533437
59,Javorius Allen,BAL,9,2015,RB,2552631
60,Lance Dunbar,DAL,6,2015,RB,2535708
1,Antonio Brown,PIT,11,2015,WR,2508061
2,Dez Bryant,DAL,6,2015,WR,497278
3,Demaryius Thomas,DEN,7,2015,WR,497328
4,Julio Jones,ATL,10,2015,WR,2495454
5,Odell Beckham,NYG,11,2015,WR,2543496
6,Calvin Johnson,DET,9,2015,WR,2495647
7,A.J. Green,CIN,7,2015,WR,2495450
8,Randall Cobb,GB,7,2015,WR,2495448
9,Alshon Jeffery,CHI,7,2015,WR,2533039
10,Mike Evans,TB,6,2015,WR,2543468
11,T.Y. Hilton,IND,10,2015,WR,2532865
12,DeAndre Hopkins,HOU,9,2015,WR,2540165
13,Brandin Cooks,NO,11,2015,WR,2543498
14,Jordan Matthews,PHI,8,2015,WR,2543500
15,Emmanuel Sanders,DEN,7,2015,WR,497322
16,Andre Johnson,IND,10,2015,WR,2505551
17,Keenan Allen,SD,10,2015,WR,2540154
18,Amari Cooper,OAK,6,2015,WR,2552487
19,Brandon Marshall,NYJ,5,2015,WR,2495893
20,Julian Edelman,NE,4,2015,WR,238498
21,DeSean Jackson,WAS,8,2015,WR,1581
22,Golden Tate,DET,9,2015,WR,497326
23,Sammy Watkins,BUF,8,2015,WR,2543457
24,Davante Adams,GB,7,2015,WR,2543495
25,Jeremy Maclin,KC,9,2015,WR,80429
26,Allen Robinson,JAC,8,2015,WR,2543509
27,Vincent Jackson,TB,6,2015,WR,2506400
28,Jarvis Landry,MIA,5,2015,WR,2543488
29,Roddy White,ATL,10,2015,WR,2506366
30,Larry Fitzgerald,ARI,9,2015,WR,2506106
31,Nelson Agholor,PHI,8,2015,WR,2552600
32,Mike Wallace,MIN,5,2015,WR,2507763
33,Eric Decker,NYJ,5,2015,WR,497284
34,Steve Smith,BAL,9,2015,WR,2504595
35,Martavis Bryant,PIT,11,2015,WR,2543572
36,Charles Johnson,MIN,5,2015,WR,2541147
37,Anquan Boldin,SF,10,2015,WR,2505587
38,John Brown,ARI,9,2015,WR,2543847
39,Torrey Smith,SF,10,2015,WR,2495459
40,Brandon LaFell,NE,4,2015,WR,497302
41,Marques Colston,NO,11,2015,WR,2495821
42,Pierre Garcon,WAS,8,2015,WR,2346
43,Michael Floyd,ARI,9,2015,WR,2532841
44,Devin Funchess,CAR,5,2015,WR,2552458
45,Kendall Wright,TEN,4,2015,WR,2532977
46,Breshad Perriman,BAL,9,2015,WR,2552597
47,Victor Cruz,NYG,11,2015,WR,2507855
48,Brian Quick,STL,6,2015,WR,2532933
49,Eddie Royal,CHI,7,2015,WR,1990
50,Terrance Williams,DAL,6,2015,WR,2539205
51,Steve Johnson,SD,10,2015,WR,768
52,Markus Wheaton,PIT,11,2015,WR,2539291
53,Kenny Stills,MIA,5,2015,WR,2540202
54,Devante Parker,MIA,5,2015,WR,2552409
55,Rueben Randle,NYG,11,2015,WR,2533533
56,Marvin Jones,CIN,7,2015,WR,2532884
57,Michael Crabtree,OAK,6,2015,WR,71269
58,Doug Baldwin,SEA,9,2015,WR,2530747
59,Percy Harvin,BUF,8,2015,WR,80425
60,Dwayne Bowe,CLE,11,2015,WR,2495558
1,Rob Gronkowski,NE,4,2015,TE,497240
2,Jimmy Graham,SEA,9,2015,TE,497236
3,Greg Olsen,CAR,5,2015,TE,2495700
4,Travis Kelce,KC,9,2015,TE,2540258
5,Martellus Bennett,CHI,7,2015,TE,1062
6,Jordan Cameron,MIA,5,2015,TE,2495267
7,Jason Witten,DAL,6,2015,TE,2505629
8,Delanie Walker,TEN,4,2015,TE,2495966
9,Julius Thomas,JAC,8,2015,TE,2495353
10,Zach Ertz,PHI,8,2015,TE,2540158
11,Tyler Eifert,CIN,7,2015,TE,2540148
12,Dwayne Allen,IND,10,2015,TE,2533046
13,Kyle Rudolph,MIN,5,2015,TE,2495438
14,Owen Daniels,DEN,7,2015,TE,2495825
15,Antonio Gates,SD,10,2015,TE,2505299
16,Austin Seferian-Jenkins,TB,6,2015,TE,2543683
17,Larry Donnell,NYG,11,2015,TE,2537933
18,Josh Hill,NO,11,2015,TE,2541834
19,Heath Miller,PIT,11,2015,TE,2506369
20,Vernon Davis,SF,10,2015,TE,2495826
1,Cam Newton,CAR,7,2016,QB,2495455
2,Aaron Rodgers,GB,4,2016,QB,2506363
3,Russell Wilson,SEA,5,2016,QB,2532975
4,Andrew Luck,IND,10,2016,QB,2533031
5,Drew Brees,NO,5,2016,QB,2504775
6,Ben Roethlisberger,PIT,8,2016,QB,2506109
7,Carson Palmer,ARI,9,2016,QB,2505245
8,Eli Manning,NYG,8,2016,QB,2505996
9,Philip Rivers,SD,11,2016,QB,2506121
10,Blake Bortles,JAC,5,2016,QB,2543477
11,Tom Brady,NE,9,2016,QB,2504211
12,Tyrod Taylor,BUF,10,2016,QB,2495240
13,Kirk Cousins,WAS,9,2016,QB,2532820
14,Derek Carr,OAK,10,2016,QB,2543499
15,Tony Romo,DAL,7,2016,QB,2505354
16,Matthew Stafford,DET,10,2016,QB,79860
17,Jameis Winston,TB,6,2016,QB,2552033
18,Andy Dalton,CIN,9,2016,QB,2495143
19,Marcus Mariota,TEN,13,2016,QB,2552466
20,Matt Ryan,ATL,11,2016,QB,310
21,Ryan Fitzpatrick,NYJ,11,2016,QB,2506581
22,Ryan Tannehill,MIA,8,2016,QB,2532956
23,Joe Flacco,BAL,8,2016,QB,382
24,Jay Cutler,CHI,9,2016,QB,2495824
25,Alex Smith,KC,5,2016,QB,2506340
26,Robert Griffin III,CLE,13,2016,QB,2533033
27,Brock Osweiler,HOU,9,2016,QB,2533436
28,Teddy Bridgewater,MIN,6,2016,QB,2543465
29,Sam Bradford,PHI,4,2016,QB,497095
30,Mark Sanchez,DEN,11,2016,QB,79858
31,Blaine Gabbert,SF,8,2016,QB,2495441
32,Carson Wentz,PHI,4,2016,QB,2555259
33,Colin Kaepernick,SF,8,2016,QB,2495186
34,Brett Hundley,GB,4,2016,QB,2552588
35,Paxton Lynch,DEN,11,2016,QB,2555316
36,Josh McCown,CLE,13,2016,QB,2505076
37,Jared Goff,LA,8,2016,QB,2555334
38,Nick Foles,KC,5,2016,QB,2532842
39,Trevor Siemian,DEN,11,2016,QB,2553457
40,Case Keenum,LA,8,2016,QB,2532888
1,Todd Gurley,LA,8,2016,RB,2552475
2,David Johnson,ARI,9,2016,RB,2553435
3,Adrian Peterson,MIN,6,2016,RB,2507164
4,Ezekiel Elliott,DAL,7,2016,RB,2555224
5,Lamar Miller,HOU,9,2016,RB,2533034
6,Jamaal Charles,KC,5,2016,RB,925
7,Le'Veon Bell,PIT,8,2016,RB,2540175
8,Mark Ingram,NO,5,2016,RB,2495466
9,Devonta Freeman,ATL,11,2016,RB,2543583
10,Eddie Lacy,GB,4,2016,RB,2540168
11,Doug Martin,TB,6,2016,RB,2532899
12,LeSean McCoy,BUF,10,2016,RB,79607
13,C.J. Anderson,DEN,11,2016,RB,2540269
14,Carlos Hyde,SF,8,2016,RB,2543743
15,Thomas Rawls,SEA,5,2016,RB,2553733
16,Latavius Murray,OAK,10,2016,RB,2541161
17,Matt Forte,NYJ,11,2016,RB,234
18,Jeremy Hill,CIN,9,2016,RB,2543603
19,Jonathan Stewart,CAR,7,2016,RB,949
20,DeMarco Murray,TEN,13,2016,RB,2495207
21,Ryan Mathews,PHI,4,2016,RB,497188
22,Frank Gore,IND,10,2016,RB,2506404
23,Matt Jones,WAS,9,2016,RB,2552635
24,Jeremy Langford,CHI,9,2016,RB,2552379
25,Giovani Bernard,CIN,9,2016,RB,2540156
26,Melvin Gordon,SD,11,2016,RB,2552469
27,Duke Johnson,CLE,13,2016,RB,2552461
28,Arian Foster,MIA,8,2016,RB,79555
29,Danny Woodhead,SD,11,2016,RB,4327
30,Rashad Jennings,NYG,8,2016,RB,71345
31,Ameer Abdullah,DET,10,2016,RB,2552374
32,Chris Ivory,JAC,5,2016,RB,2507999
33,Dion Lewis,NE,9,2016,RB,2495469
34,T.J. Yeldon,JAC,5,2016,RB,2552471
35,DeAngelo Williams,PIT,8,2016,RB,2495979
36,Jay Ajayi,MIA,8,2016,RB,2552582
37,Charles Sims,TB,6,2016,RB,2543770
38,Justin Forsett,BAL,8,2016,RB,927
39,Isaiah Crowell,CLE,13,2016,RB,2550189
40,LeGarrette Blount,NE,9,2016,RB,497149
41,Derrick Henry,TEN,13,2016,RB,2556075
42,Tevin Coleman,ATL,11,2016,RB,2552453
43,Bilal Powell,NYJ,11,2016,RB,2495328
44,Theo Riddick,DET,10,2016,RB,2540020
45,Kenneth Dixon,BAL,8,2016,RB,2555229
46,Christine Michael,SEA,5,2016,RB,2539322
47,James White,NE,9,2016,RB,2543773
48,Javorius Allen,BAL,8,2016,RB,2552631
49,Jerick McKinnon,MIN,6,2016,RB,2543715
50,Jordan Howard,CHI,9,2016,RB,2555418
51,DeAndre Washington,OAK,10,2016,RB,2555464
52,Devontae Booker,DEN,11,2016,RB,2555223
53,Shane Vereen,NYG,8,2016,RB,2495473
54,Darren Sproles,PHI,4,2016,RB,2506467
55,James Starks,GB,4,2016,RB,497206
56,C.J. Prosise,SEA,5,2016,RB,2555417
57,Spencer Ware,KC,5,2016,RB,2540204
58,Terrance West,BAL,8,2016,RB,2543664
59,Karlos Williams,FA,1,2016,RB,2552380
60,Chris Johnson,ARI,9,2016,RB,262
1,Antonio Brown,PIT,8,2016,WR,2508061
2,Odell Beckham,NYG,8,2016,WR,2543496
3,Julio Jones,ATL,11,2016,WR,2495454
4,A.J. Green,CIN,9,2016,WR,2495450
5,DeAndre Hopkins,HOU,9,2016,WR,2540165
6,Dez Bryant,DAL,7,2016,WR,497278
7,Allen Robinson,JAC,5,2016,WR,2543509
8,Jordy Nelson,GB,4,2016,WR,1032
9,Mike Evans,TB,6,2016,WR,2543468
10,Brandon Marshall,NYJ,11,2016,WR,2495893
11,Alshon Jeffery,CHI,9,2016,WR,2533039
12,Keenan Allen,SD,11,2016,WR,2540154
13,Brandin Cooks,NO,5,2016,WR,2543498
14,Amari Cooper,OAK,10,2016,WR,2552487
15,T.Y. Hilton,IND,10,2016,WR,2532865
16,Sammy Watkins,BUF,10,2016,WR,2543457
17,Demaryius Thomas,DEN,11,2016,WR,497328
18,Randall Cobb,GB,4,2016,WR,2495448
19,Jeremy Maclin,KC,5,2016,WR,80429
20,Eric Decker,NYJ,11,2016,WR,497284
21,Jarvis Landry,MIA,8,2016,WR,2543488
22,Julian Edelman,NE,9,2016,WR,238498
23,Doug Baldwin,SEA,5,2016,WR,2530747
24,Golden Tate,DET,10,2016,WR,497326
25,Kelvin Benjamin,CAR,7,2016,WR,2543471
26,Donte Moncrief,IND,10,2016,WR,2543614
27,Michael Floyd,ARI,9,2016,WR,2532841
28,John Brown,ARI,9,2016,WR,2543847
29,Larry Fitzgerald,ARI,9,2016,WR,2506106
30,Jordan Matthews,PHI,4,2016,WR,2543500
31,Emmanuel Sanders,DEN,11,2016,WR,497322
32,Devante Parker,MIA,8,2016,WR,2552409
33,Allen Hurns,JAC,5,2016,WR,2550353
34,Tyler Lockett,SEA,5,2016,WR,2552430
35,Marvin Jones,DET,10,2016,WR,2532884
36,DeSean Jackson,WAS,9,2016,WR,1581
37,Michael Crabtree,OAK,10,2016,WR,71269
38,Kevin White,CHI,9,2016,WR,2553432
39,Sterling Shepard,NYG,8,2016,WR,2555295
40,Josh Gordon,CLE,13,2016,WR,2537931
41,Torrey Smith,SF,8,2016,WR,2495459
42,Corey Coleman,CLE,13,2016,WR,2555333
43,Willie Snead,NO,5,2016,WR,2550256
44,Stefon Diggs,MIN,6,2016,WR,2552608
45,Tavon Austin,LA,8,2016,WR,2539336
46,Travis Benjamin,SD,11,2016,WR,2532790
47,Vincent Jackson,TB,6,2016,WR,2506400
48,Kamar Aiken,BAL,8,2016,WR,2530660
49,Markus Wheaton,PIT,8,2016,WR,2539291
50,Devin Funchess,CAR,7,2016,WR,2552458
51,Steve Smith,BAL,8,2016,WR,2504595
52,Michael Thomas,NO,5,2016,WR,2556370
53,Laquon Treadwell,MIN,6,2016,WR,2555214
54,Phillip Dorsett,IND,10,2016,WR,2552424
55,Mohamed Sanu,ATL,11,2016,WR,2533040
56,Sammie Coates,PIT,8,2016,WR,2552470
57,Rishard Matthews,TEN,13,2016,WR,2532903
58,Dorial Green-Beckham,PHI,4,2016,WR,2552491
59,Mike Wallace,BAL,8,2016,WR,2507763
60,Terrance Williams,DAL,7,2016,WR,2539205
1,Rob Gronkowski,NE,9,2016,TE,497240
2,Jordan Reed,WAS,9,2016,TE,2540160
3,Greg Olsen,CAR,7,2016,TE,2495700
4,Travis Kelce,KC,5,2016,TE,2540258
5,Delanie Walker,TEN,13,2016,TE,2495966
6,Coby Fleener,NO,5,2016,TE,2532838
7,Gary Barnidge,CLE,13,2016,TE,1060
8,Tyler Eifert,CIN,9,2016,TE,2540148
9,Julius Thomas,JAC,5,2016,TE,2495353
10,Zach Ertz,PHI,4,2016,TE,2540158
11,Antonio Gates,SD,11,2016,TE,2505299
12,Dwayne Allen,IND,10,2016,TE,2533046
13,Martellus Bennett,NE,9,2016,TE,1062
14,Eric Ebron,DET,10,2016,TE,2543466
15,Jason Witten,DAL,7,2016,TE,2505629
16,Jimmy Graham,SEA,5,2016,TE,497236
17,Zach Miller,CHI,9,2016,TE,238457
18,Ladarius Green,PIT,8,2016,TE,2532853
19,Charles Clay,BUF,10,2016,TE,2495139
20,Clive Walford,OAK,10,2016,TE,2552397
1,Aaron Rodgers,GB,8,2017,QB,2506363
2,Tom Brady,NE,9,2017,QB,2504211
3,Drew Brees,NO,5,2017,QB,2504775
4,Andrew Luck,IND,11,2017,QB,2533031
5,Russell Wilson,SEA,6,2017,QB,2532975
6,Matt Ryan,ATL,5,2017,QB,310
7,Marcus Mariota,TEN,8,2017,QB,2552466
8,Kirk Cousins,WAS,5,2017,QB,2532820
9,Jameis Winston,TB,11,2017,QB,2552033
10,Cam Newton,CAR,11,2017,QB,2495455
11,Derek Carr,OAK,10,2017,QB,2543499
12,Ben Roethlisberger,PIT,9,2017,QB,2506109
13,Dak Prescott,DAL,6,2017,QB,2555260
14,Philip Rivers,LAC,9,2017,QB,2506121
15,Matthew Stafford,DET,7,2017,QB,79860
16,Tyrod Taylor,BUF,6,2017,QB,2495240
17,Eli Manning,NYG,8,2017,QB,2505996
18,Andy Dalton,CIN,6,2017,QB,2495143
19,Carson Wentz,PHI,10,2017,QB,2555259
20,Blake Bortles,JAC,8,2017,QB,2543477
21,Carson Palmer,ARI,8,2017,QB,2505245
22,Ryan Tannehill,MIA,11,2017,QB,2532956
23,Joe Flacco,BAL,10,2017,QB,382
24,Alex Smith,KC,10,2017,QB,2506340
25,Sam Bradford,MIN,9,2017,QB,497095
26,Deshaun Watson,HOU,7,2017,QB,2558063
27,Trevor Siemian,DEN,5,2017,QB,2553457
28,Mike Glennon,CHI,9,2017,QB,2539275
29,Brian Hoyer,SF,11,2017,QB,81294
30,Josh McCown,NYJ,11,2017,QB,2505076
31,Tom Savage,HOU,7,2017,QB,2543640
32,Jared Goff,LAR,8,2017,QB,2555334
33,Colin Kaepernick,FA,1,2017,QB,2495186
34,Brock Osweiler,CLE,9,2017,QB,2533436
35,Paxton Lynch,DEN,5,2017,QB,2555316
36,Mitch Trubisky,CHI,9,2017,QB,2558008
37,Cody Kessler,CLE,9,2017,QB,2555387
38,Jimmy Garoppolo,NE,9,2017,QB,2543801
39,Patrick Mahomes,KC,10,2017,QB,2558125
40,DeShone Kizer,CLE,9,2017,QB,2557983
1,David Johnson,ARI,8,2017,RB,2553435
2,Le'Veon Bell,PIT,9,2017,RB,2540175
3,Ezekiel Elliott,DAL,6,2017,RB,2555224
4,LeSean McCoy,BUF,6,2017,RB,79607
5,Melvin Gordon,LAC,9,2017,RB,2552469
6,Jay Ajayi,MIA,11,2017,RB,2552582
7,Devonta Freeman,ATL,5,2017,RB,2543583
8,Jordan Howard,CHI,9,2017,RB,2555418
9,DeMarco Murray,TEN,8,2017,RB,2495207
10,Todd Gurley,LAR,8,2017,RB,2552475
11,Leonard Fournette,JAC,8,2017,RB,2557973
12,Lamar Miller,HOU,7,2017,RB,2533034
13,Isaiah Crowell,CLE,9,2017,RB,2550189
14,Marshawn Lynch,OAK,10,2017,RB,2495663
15,Carlos Hyde,SF,11,2017,RB,2543743
16,Joe Mixon,CIN,6,2017,RB,2557976
17,Christian McCaffrey,CAR,11,2017,RB,2557997
18,C.J. Anderson,DEN,5,2017,RB,2540269
19,Spencer Ware,KC,10,2017,RB,2540204
20,Eddie Lacy,SEA,6,2017,RB,2540168
21,Ty Montgomery,GB,8,2017,RB,2552429
22,Mark Ingram,NO,5,2017,RB,2495466
23,Tevin Coleman,ATL,5,2017,RB,2552453
24,Mike Gillislee,NE,9,2017,RB,2539663
25,Bilal Powell,NYJ,11,2017,RB,2495328
26,Frank Gore,IND,11,2017,RB,2506404
27,Ameer Abdullah,DET,7,2017,RB,2552374
28,Dalvin Cook,MIN,9,2017,RB,2557991
29,Paul Perkins,NYG,8,2017,RB,2555460
30,LeGarrette Blount,PHI,10,2017,RB,497149
31,Adrian Peterson,NO,5,2017,RB,2507164
32,Doug Martin,TB,11,2017,RB,2532899
33,Danny Woodhead,BAL,10,2017,RB,4327
34,Robert Kelley,WAS,5,2017,RB,2556414
35,Samaje Perine,WAS,5,2017,RB,2558138
36,Jonathan Stewart,CAR,11,2017,RB,949
37,Derrick Henry,TEN,8,2017,RB,2556075
38,Matt Forte,NYJ,11,2017,RB,234
39,Theo Riddick,DET,7,2017,RB,2540020
40,Kareem Hunt,KC,10,2017,RB,2557917
41,C.J. Prosise,SEA,6,2017,RB,2555417
42,Kenneth Dixon,BAL,10,2017,RB,2555229
43,Latavius Murray,MIN,9,2017,RB,2541161
44,James White,NE,9,2017,RB,2543773
45,Duke Johnson,CLE,9,2017,RB,2552461
46,Terrance West,BAL,10,2017,RB,2543664
47,Jamaal Charles,DEN,5,2017,RB,925
48,Thomas Rawls,SEA,6,2017,RB,2553733
49,Jeremy Hill,CIN,6,2017,RB,2543603
50,Darren Sproles,PHI,10,2017,RB,2506467
51,Giovani Bernard,CIN,6,2017,RB,2540156
52,Jamaal Williams,GB,8,2017,RB,2558204
53,Joe Williams,SF,11,2017,RB,2557936
54,Alvin Kamara,NO,5,2017,RB,2558019
55,Dion Lewis,NE,9,2017,RB,2495469
56,Marlon Mack,IND,11,2017,RB,2558123
57,Shane Vereen,NYG,8,2017,RB,2495473
58,Chris Thompson,WAS,5,2017,RB,2540011
59,Jacquizz Rodgers,TB,11,2017,RB,2495471
60,Rex Burkhead,NE,9,2017,RB,2539265
1,Antonio Brown,PIT,9,2017,WR,2508061
2,Odell Beckham,NYG,8,2017,WR,2543496
3,Julio Jones,ATL,5,2017,WR,2495454
4,Mike Evans,TB,11,2017,WR,2543468
5,A.J. Green,CIN,6,2017,WR,2495450
6,Jordy Nelson,GB,8,2017,WR,1032
7,T.Y. Hilton,IND,11,2017,WR,2532865
8,Michael Thomas,NO,5,2017,WR,2556370
9,Dez Bryant,DAL,6,2017,WR,497278
10,Amari Cooper,OAK,10,2017,WR,2552487
11,Doug Baldwin,SEA,6,2017,WR,2530747
12,DeAndre Hopkins,HOU,7,2017,WR,2540165
13,Allen Robinson,JAC,8,2017,WR,2543509
14,Brandin Cooks,NE,9,2017,WR,2543498
15,Demaryius Thomas,DEN,5,2017,WR,497328
16,Alshon Jeffery,PHI,10,2017,WR,2533039
17,Sammy Watkins,BUF,6,2017,WR,2543457
18,Davante Adams,GB,8,2017,WR,2543495
19,Terrelle Pryor,WAS,5,2017,WR,2531332
20,Keenan Allen,LAC,9,2017,WR,2540154
21,Michael Crabtree,OAK,10,2017,WR,71269
22,Emmanuel Sanders,DEN,5,2017,WR,497322
23,Golden Tate,DET,7,2017,WR,497326
24,Jarvis Landry,MIA,11,2017,WR,2543488
25,Larry Fitzgerald,ARI,8,2017,WR,2506106
26,Julian Edelman,NE,9,2017,WR,238498
27,Tyreek Hill,KC,10,2017,WR,2556214
28,Martavis Bryant,PIT,9,2017,WR,2543572
29,Donte Moncrief,IND,11,2017,WR,2543614
30,Willie Snead,NO,5,2017,WR,2550256
31,Stefon Diggs,MIN,9,2017,WR,2552608
32,Jamison Crowder,WAS,5,2017,WR,2552415
33,Brandon Marshall,NYG,8,2017,WR,2495893
34,Kelvin Benjamin,CAR,11,2017,WR,2543471
35,DeSean Jackson,TB,11,2017,WR,1581
36,Pierre Garcon,SF,11,2017,WR,2346
37,Eric Decker,TEN,8,2017,WR,497284
38,Cameron Meredith,CHI,9,2017,WR,2553568
39,Devante Parker,MIA,11,2017,WR,2552409
40,Jeremy Maclin,BAL,10,2017,WR,80429
41,Kenny Britt,CLE,9,2017,WR,71217
42,Randall Cobb,GB,8,2017,WR,2495448
43,Corey Coleman,CLE,9,2017,WR,2555333
44,Mike Wallace,BAL,10,2017,WR,2507763
45,Corey Davis,TEN,8,2017,WR,2557848
46,Jordan Matthews,PHI,10,2017,WR,2543500
47,John Brown,ARI,8,2017,WR,2543847
48,Rishard Matthews,TEN,8,2017,WR,2532903
49,Adam Thielen,MIN,9,2017,WR,2541785
50,Quincy Enunwa,NYJ,11,2017,WR,2543828
51,Marvin Jones,DET,7,2017,WR,2532884
52,Tyrell Williams,LAC,9,2017,WR,2553913
53,Ted Ginn,NO,5,2017,WR,2507166
54,Josh Doctson,WAS,5,2017,WR,2555343
55,Breshad Perriman,BAL,10,2017,WR,2552597
56,Kenny Stills,MIA,11,2017,WR,2540202
57,Robert Woods,LAR,8,2017,WR,2540169
58,Mike Williams,LAC,9,2017,WR,2558846
59,Tyler Lockett,SEA,6,2017,WR,2552430
60,Sterling Shepard,NYG,8,2017,WR,2555295
1,Rob Gronkowski,NE,9,2017,TE,497240
2,Travis Kelce,KC,10,2017,TE,2540258
3,Jordan Reed,WAS,5,2017,TE,2540160
4,Greg Olsen,CAR,11,2017,TE,2495700
5,Jimmy Graham,SEA,6,2017,TE,497236
6,Tyler Eifert,CIN,6,2017,TE,2540148
7,Delanie Walker,TEN,8,2017,TE,2495966
8,Kyle Rudolph,MIN,9,2017,TE,2495438
9,Martellus Bennett,GB,8,2017,TE,1062
10,Zach Ertz,PHI,10,2017,TE,2540158
11,Hunter Henry,LAC,9,2017,TE,2555341
12,Eric Ebron,DET,7,2017,TE,2543466
13,Jack Doyle,IND,11,2017,TE,2540232
14,Coby Fleener,NO,5,2017,TE,2532838
15,Jason Witten,DAL,6,2017,TE,2505629
16,Cameron Brate,TB,11,2017,TE,2550656
17,Antonio Gates,LAC,9,2017,TE,2505299
18,C.J. Fiedorowicz,HOU,7,2017,TE,2543721
19,Julius Thomas,MIA,11,2017,TE,2495353
20,Austin Hooper,ATL,5,2017,TE,2555415
1,Aaron Rodgers,GB,7,2018,QB,2506363
2,Russell Wilson,SEA,7,2018,QB,2532975
3,Tom Brady,NE,11,2018,QB,2504211
4,Cam Newton,CAR,4,2018,QB,2495455
5,Deshaun Watson,HOU,10,2018,QB,2558063
6,Drew Brees,NO,6,2018,QB,2504775
7,Carson Wentz,PHI,9,2018,QB,2555259
8,Kirk Cousins,MIN,10,2018,QB,2532820
9,Matthew Stafford,DET,6,2018,QB,79860
10,Ben Roethlisberger,PIT,7,2018,QB,2506109
11,Andrew Luck,IND,9,2018,QB,2533031
12,Philip Rivers,LAC,8,2018,QB,2506121
13,Jimmy Garoppolo,SF,11,2018,QB,2543801
14,Matt Ryan,ATL,8,2018,QB,310
15,Jared Goff,LAR,12,2018,QB,2555334
16,Patrick Mahomes,KC,12,2018,QB,2558125
17,Marcus Mariota,TEN,8,2018,QB,2552466
18,Alex Smith,WAS,4,2018,QB,2506340
19,Dak Prescott,DAL,8,2018,QB,2555260
20,Mitchell Trubisky,CHI,5,2018,QB,2558008
21,Derek Carr,OAK,7,2018,QB,2543499
22,Blake Bortles,JAC,9,2018,QB,2543477
23,Eli Manning,NYG,9,2018,QB,2505996
24,Case Keenum,DEN,10,2018,QB,2532888
25,Andy Dalton,CIN,9,2018,QB,2495143
26,Jameis Winston,TB,5,2018,QB,2552033
27,Tyrod Taylor,CLE,11,2018,QB,2495240
28,Ryan Tannehill,MIA,11,2018,QB,2532956
29,Sam Bradford,ARI,9,2018,QB,497095
30,Joe Flacco,BAL,10,2018,QB,382
31,Josh McCown,NYJ,11,2018,QB,2505076
32,Josh Rosen,ARI,9,2018,QB,2560858
33,Baker Mayfield,CLE,11,2018,QB,2560800
34,Sam Darnold,NYJ,11,2018,QB,2561036
35,Lamar Jackson,BAL,10,2018,QB,2560757
36,Josh Allen,BUF,11,2018,QB,2560955
37,AJ McCarron,BUF,11,2018,QB,2543497
38,Ryan Fitzpatrick,TB,5,2018,QB,2506581
39,Nick Foles,PHI,9,2018,QB,2532842
40,Teddy Bridgewater,NYJ,11,2018,QB,2543465
1,Todd Gurley,LAR,12,2018,RB,2552475
2,Le'Veon Bell,PIT,7,2018,RB,2540175
3,Ezekiel Elliott,DAL,8,2018,RB,2555224
4,David Johnson,ARI,9,2018,RB,2553435
5,Alvin Kamara,NO,6,2018,RB,2558019
6,Saquon Barkley,NYG,9,2018,RB,2560968
7,Melvin Gordon,LAC,8,2018,RB,2552469
8,Kareem Hunt,KC,12,2018,RB,2557917
9,Leonard Fournette,JAC,9,2018,RB,2557973
10,Dalvin Cook,MIN,10,2018,RB,2557991
11,Devonta Freeman,ATL,8,2018,RB,2543583
12,Jordan Howard,CHI,5,2018,RB,2555418
13,Jerick McKinnon,SF,11,2018,RB,2543715
14,Joe Mixon,CIN,9,2018,RB,2557976
15,Christian McCaffrey,CAR,4,2018,RB,2557997
16,LeSean McCoy,BUF,11,2018,RB,79607
17,Alex Collins,BAL,10,2018,RB,2555430
18,Derrius Guice,WAS,4,2018,RB,2561000
19,Kenyan Drake,MIA,11,2018,RB,2555230
20,Jay Ajayi,PHI,9,2018,RB,2552582
21,Rashaad Penny,SEA,7,2018,RB,2560835
22,Derrick Henry,TEN,8,2018,RB,2556075
23,Lamar Miller,HOU,10,2018,RB,2533034
24,Mark Ingram,NO,6,2018,RB,2495466
25,Royce Freeman,DEN,10,2018,RB,2560733
26,Sony Michel,NE,11,2018,RB,2560809
27,Dion Lewis,TEN,8,2018,RB,2495469
28,Ronald Jones II,TB,5,2018,RB,2560770
29,Marshawn Lynch,OAK,7,2018,RB,2495663
30,Tevin Coleman,ATL,8,2018,RB,2552453
31,Marlon Mack,IND,9,2018,RB,2558123
32,Rex Burkhead,NE,11,2018,RB,2539265
33,Kerryon Johnson,DET,6,2018,RB,2560765
34,Isaiah Crowell,NYJ,11,2018,RB,2550189
35,C.J. Anderson,CAR,4,2018,RB,2540269
36,Jamaal Williams,GB,7,2018,RB,2558204
37,Carlos Hyde,CLE,11,2018,RB,2543743
38,Chris Thompson,WAS,4,2018,RB,2540011
39,Tarik Cohen,CHI,5,2018,RB,2558250
40,Duke Johnson,CLE,11,2018,RB,2552461
41,Nick Chubb,CLE,11,2018,RB,2561021
42,Aaron Jones,GB,7,2018,RB,2558116
43,Devontae Booker,DEN,10,2018,RB,2555223
44,Ty Montgomery,GB,7,2018,RB,2552429
45,Giovani Bernard,CIN,9,2018,RB,2540156
46,Bilal Powell,NYJ,11,2018,RB,2495328
47,Corey Clement,PHI,9,2018,RB,2559150
48,Chris Carson,SEA,7,2018,RB,2558865
49,LeGarrette Blount,DET,6,2018,RB,497149
50,Latavius Murray,MIN,10,2018,RB,2541161
51,D'Onta Foreman,HOU,10,2018,RB,2557994
52,Doug Martin,OAK,7,2018,RB,2532899
53,Nyheim Hines,IND,9,2018,RB,2560742
54,James White,NE,11,2018,RB,2543773
55,Theo Riddick,DET,6,2018,RB,2540020
56,Matt Breida,SF,11,2018,RB,2558918
57,Peyton Barber,TB,5,2018,RB,2556466
58,Chris Ivory,BUF,11,2018,RB,2507999
59,Frank Gore,MIA,11,2018,RB,2506404
60,Kenneth Dixon,BAL,10,2018,RB,2555229
1,Antonio Brown,PIT,7,2018,WR,2508061
2,DeAndre Hopkins,HOU,10,2018,WR,2540165
3,Odell Beckham Jr.,NYG,9,2018,WR,2543496
4,Julio Jones,ATL,8,2018,WR,2495454
5,Michael Thomas,NO,6,2018,WR,2556370
6,Keenan Allen,LAC,8,2018,WR,2540154
7,A.J. Green,CIN,9,2018,WR,2495450
8,Davante Adams,GB,7,2018,WR,2543495
9,Mike Evans,TB,5,2018,WR,2543468
10,T.Y. Hilton,IND,9,2018,WR,2532865
11,Doug Baldwin,SEA,7,2018,WR,2530747
12,Adam Thielen,MIN,10,2018,WR,2541785
13,Stefon Diggs,MIN,10,2018,WR,2552608
14,Tyreek Hill,KC,12,2018,WR,2556214
15,Amari Cooper,OAK,7,2018,WR,2552487
16,Allen Robinson,CHI,5,2018,WR,2543509
17,Larry Fitzgerald,ARI,9,2018,WR,2506106
18,Alshon Jeffery,PHI,9,2018,WR,2533039
19,Demaryius Thomas,DEN,10,2018,WR,497328
20,JuJu Smith-Schuster,PIT,7,2018,WR,2558149
21,Marvin Jones,DET,6,2018,WR,2532884
22,Josh Gordon,CLE,11,2018,WR,2537931
23,Brandin Cooks,LAR,12,2018,WR,2543498
24,Golden Tate,DET,6,2018,WR,497326
25,Sammy Watkins,KC,12,2018,WR,2543457
26,Chris Hogan,NE,11,2018,WR,2530515
27,Michael Crabtree,BAL,10,2018,WR,71269
28,Jarvis Landry,CLE,11,2018,WR,2543488
29,Corey Davis,TEN,8,2018,WR,2557848
30,Pierre Garcon,SF,11,2018,WR,2346
31,Robert Woods,LAR,12,2018,WR,2540169
32,Emmanuel Sanders,DEN,10,2018,WR,497322
33,Devin Funchess,CAR,4,2018,WR,2552458
34,Robby Anderson,NYJ,11,2018,WR,2556462
35,Cooper Kupp,LAR,12,2018,WR,2557898
36,Randall Cobb,GB,7,2018,WR,2495448
37,Jamison Crowder,WAS,4,2018,WR,2552415
38,Marquise Goodwin,SF,11,2018,WR,2539964
39,Will Fuller,HOU,10,2018,WR,2555346
40,Devante Parker,MIA,11,2018,WR,2552409
41,Julian Edelman,NE,11,2018,WR,238498
42,Kenny Stills,MIA,11,2018,WR,2540202
43,Nelson Agholor,PHI,9,2018,WR,2552600
44,Sterling Shepard,NYG,9,2018,WR,2555295
45,Kelvin Benjamin,BUF,11,2018,WR,2543471
46,Rishard Matthews,TEN,8,2018,WR,2532903
47,Jordy Nelson,OAK,7,2018,WR,1032
48,Allen Hurns,DAL,8,2018,WR,2550353
49,Marqise Lee,JAC,9,2018,WR,2543475
50,Josh Doctson,WAS,4,2018,WR,2555343
51,Kenny Golladay,DET,6,2018,WR,2558052
52,DeSean Jackson,TB,5,2018,WR,1581
53,D.J. Moore,CAR,4,2018,WR,2560813
54,Cameron Meredith,NO,6,2018,WR,2553568
55,Dez Bryant,FA,1,2018,WR,497278
56,Tyler Lockett,SEA,7,2018,WR,2552430
57,Paul Richardson,WAS,4,2018,WR,2543491
58,Mohamed Sanu,ATL,8,2018,WR,2533040
59,Tyrell Williams,LAC,8,2018,WR,2553913
60,Ted Ginn,NO,6,2018,WR,2507166
1,Rob Gronkowski,NE,11,2018,TE,497240
2,Travis Kelce,KC,12,2018,TE,2540258
3,Zach Ertz,PHI,9,2018,TE,2540158
4,Greg Olsen,CAR,4,2018,TE,2495700
5,Delanie Walker,TEN,8,2018,TE,2495966
6,Jimmy Graham,GB,7,2018,TE,497236
7,Kyle Rudolph,MIN,10,2018,TE,2495438
8,Evan Engram,NYG,9,2018,TE,2557858
9,Trey Burton,CHI,5,2018,TE,2550284
10,Jack Doyle,IND,9,2018,TE,2540232
11,Jordan Reed,WAS,4,2018,TE,2540160
12,George Kittle,SF,11,2018,TE,2558266
13,David Njoku,CLE,11,2018,TE,2557986
14,O.J. Howard,TB,5,2018,TE,2557856
15,Austin Seferian-Jenkins,JAC,9,2018,TE,2543683
16,Tyler Eifert,CIN,9,2018,TE,2540148
17,Charles Clay,BUF,11,2018,TE,2495139
18,Benjamin Watson,NO,6,2018,TE,2506122
19,Jared Cook,OAK,7,2018,TE,71265
20,Cameron Brate,TB,5,2018,TE,2550656
